LVMH Moët Hennessy Vuitton SE,http://www.lvmh.fr
Total,http://www.total.com
L'Oréal,http://www.loreal-finance.com
Sanofi,http://www.sanofi.com
BNP Paribas,http://www.bnpparibas.com
Airbus SE,http://www.airbus-group.com
Axa,http://www.axa.com
Vinci,http://www.vinci.com
Kering,http://www.kering.com
Danone,http://www.danone.com
Air Liquide,http://www.airliquide.com
Schneider Electric SE,http://www.schneider-electric.com
Crédit Agricole,http://www.credit-agricole-sa.fr
Orange,http://www.orange.com
Safran,http://www.safran-group.com
Pernod Ricard,http://www.pernod-ricard.com
Engie,http://www.engie.com
Société Générale,http://www.societegenerale.com
Vivendi,http://www.vivendi.com
LafargeHolcim,http://www.lafargeholcim.com
ArcelorMittal,http://www.arcelormittal.com
Saint-Gobain,http://www.saint-gobain.com
Essilor International,http://www.essilor.com
Renault,http://www.renault.com
Michelin,http://www.michelin.com
Unibail-Rodamco,http://www.unibail-rodamco.com
Legrand,http://www.legrand.com
Sodexo,http://www.sodexo.com
Capgemini,http://www.capgemini.com
STMicroelectronics,http://www.st.com
Bouygues,http://www.bouygues.com
Peugeot,http://www.psa-peugeot-citroen.com
Valeo,http://www.valeo.com
Carrefour,http://www.carrefour.com
Publicis Groupe,http://www.publicisgroupe.com
AtoS SE,http://fr.atos.net/fr-fr/
Accor,http://www.accorhotels-group.com
Solvay,http://www.solvay.com
TechnipFMC,http://www.technipfmc.com/
Veolia Environnement,http://www.veolia.com/fr
